{"cameraMode":{"drawMode":0,"name":"Shaded","section":"Shading Mode"},"sceneLighting":false,"audioPlay":false,"sceneViewState":{"showFog":true,"showMaterialUpdate":false,"showSkybox":false,"showFlares":true,"showImageEffects":true,"showParticleSystems":true},"in2DMode":false,"pivot":{"x":0.00016245245933532715,"y":0.9143518805503845,"z":0.0156499445438385},"rotation":{"x":0.17581500113010407,"y":-0.11195873469114304,"z":0.02013522759079933,"w":0.9778398871421814},"size":3.3961737155914308,"orthographic":false}