{"cameraMode":{"drawMode":0,"name":"Shaded","section":"Shading Mode"},"sceneLighting":true,"audioPlay":false,"sceneViewState":{"showFog":true,"showMaterialUpdate":true,"showSkybox":true,"showFlares":true,"showImageEffects":true,"showParticleSystems":true},"in2DMode":false,"pivot":{"x":6.762696743011475,"y":2.6520814895629885,"z":-3.89985990524292},"rotation":{"x":0.09257280826568604,"y":-0.07907304167747498,"z":0.007375114597380161,"w":0.9925346374511719},"size":0.022673629224300386,"orthographic":false}