{"cameraMode":{"drawMode":0,"name":"Shaded","section":"Shading Mode"},"sceneLighting":true,"audioPlay":false,"sceneViewState":{"showFog":true,"showMaterialUpdate":false,"showSkybox":true,"showFlares":true,"showImageEffects":true,"showParticleSystems":true},"in2DMode":false,"pivot":{"x":38.58229064941406,"y":-2.133694648742676,"z":3.8067054748535158},"rotation":{"x":0.243525430560112,"y":0.002909173257648945,"z":-0.0007305506733246148,"w":0.9698906540870667},"size":60.57676696777344,"orthographic":false}