{"cameraMode":{"drawMode":0,"name":"Shaded","section":"Shading Mode"},"sceneLighting":false,"audioPlay":false,"sceneViewState":{"showFog":true,"showMaterialUpdate":false,"showSkybox":false,"showFlares":true,"showImageEffects":true,"showParticleSystems":true},"in2DMode":false,"pivot":{"x":-2.9802322387695315e-8,"y":0.9143519401550293,"z":-0.015650153160095216},"rotation":{"x":0.10495629906654358,"y":-0.8773531913757324,"z":0.22392940521240235,"w":0.4112171232700348},"size":1.0291962623596192,"orthographic":false}