{"cameraMode":{"drawMode":0,"name":"Shaded","section":"Shading Mode"},"sceneLighting":false,"audioPlay":false,"sceneViewState":{"showFog":true,"showMaterialUpdate":true,"showSkybox":false,"showFlares":true,"showImageEffects":true,"showParticleSystems":true},"in2DMode":false,"pivot":{"x":99.77529907226563,"y":48.390380859375,"z":-4.238006591796875},"rotation":{"x":0.03898867592215538,"y":-0.008992895483970642,"z":0.00035100639797747135,"w":0.9991998672485352},"size":62.281944274902347,"orthographic":false}