{"cameraMode":{"drawMode":0,"name":"Shaded","section":"Shading Mode"},"sceneLighting":true,"audioPlay":false,"sceneViewState":{"showFog":true,"showMaterialUpdate":true,"showSkybox":true,"showFlares":true,"showImageEffects":true,"showParticleSystems":true},"in2DMode":false,"pivot":{"x":0.0,"y":0.2737622857093811,"z":-0.005705386400222778},"rotation":{"x":-0.2618446946144104,"y":-0.1890016347169876,"z":0.05237087234854698,"w":-0.9449745416641235},"size":2.257709503173828,"orthographic":false}