{"cameraMode":{"drawMode":0,"name":"Shaded","section":"Shading Mode"},"sceneLighting":false,"audioPlay":false,"sceneViewState":{"showFog":true,"showMaterialUpdate":false,"showSkybox":false,"showFlares":true,"showImageEffects":true,"showParticleSystems":true},"in2DMode":false,"pivot":{"x":9.5367431640625e-7,"y":-3.0000007152557375,"z":0.0000019073486328125},"rotation":{"x":0.1695326566696167,"y":-0.7567445039749146,"z":0.21629691123962403,"w":0.5931522250175476},"size":41.73604965209961,"orthographic":false}