{"cameraMode":{"drawMode":0,"name":"Shaded","section":"Shading Mode"},"sceneLighting":true,"audioPlay":false,"sceneViewState":{"showFog":true,"showMaterialUpdate":false,"showSkybox":true,"showFlares":true,"showImageEffects":true,"showParticleSystems":true},"in2DMode":false,"pivot":{"x":49.396305084228519,"y":0.62939453125,"z":-0.3342472016811371},"rotation":{"x":0.1708558201789856,"y":0.04727442190051079,"z":-0.008207249455153942,"w":0.984127938747406},"size":4.138273239135742,"orthographic":true}