{"cameraMode":{"drawMode":0,"name":"Shaded","section":"Shading Mode"},"sceneLighting":true,"audioPlay":false,"sceneViewState":{"showFog":true,"showMaterialUpdate":false,"showSkybox":true,"showFlares":true,"showImageEffects":true,"showParticleSystems":true},"in2DMode":false,"pivot":{"x":13.569135665893555,"y":0.06915072351694107,"z":0.013145811855793},"rotation":{"x":0.07974492758512497,"y":0.6754193902015686,"z":-0.07384314388036728,"w":0.729387640953064},"size":0.4525129199028015,"orthographic":false}